Map Document,Layer Name,Data Source,Date Accessed
C:\Data\MI_NHD.mxd,Barrier_MI,C:\Data\NHD_H_Michigan_GDB.gdb\Hydro_GeoRef\Barrier_MI,2019-08-21 14:30:58.575000
C:\Data\MI_NHD.mxd,NHDFlowline_3078,C:\Data\NHD_H_Michigan_GDB.gdb\Hydro_GeoRef\NHDFlowline_3078,2019-08-21 14:30:58.575000
C:\Data\MI_NHD.mxd,Hydro_GeoRef_Net_Junctions,C:\Data\NHD_H_Michigan_GDB.gdb\Hydro_GeoRef\Hydro_GeoRef_Net_Junctions,2019-08-21 14:30:58.575000
C:\Data\MI_NHD.mxd,NHDFlowline_3078,C:\Data\NHD_H_Michigan_GDB.gdb\Hydro_GeoRef\NHDFlowline_3078,2019-08-21 14:30:58.580000
C:\Data\MI_NHD.mxd,Hydro_GeoRef_Net_Junctions,C:\Data\NHD_H_Michigan_GDB.gdb\Hydro_GeoRef\Hydro_GeoRef_Net_Junctions,2019-08-21 14:30:58.584000
C:\Data\MI_NHD.mxd,Barrier_MI,C:\Data\NHD_H_Michigan_GDB.gdb\Hydro_GeoRef\Barrier_MI,2019-08-21 14:51:10.286000
C:\Data\MI_NHD.mxd,NHDFlowline_3078,C:\Data\NHD_H_Michigan_GDB.gdb\Hydro_GeoRef\NHDFlowline_3078,2019-08-21 14:51:10.290000
C:\Data\MI_NHD.mxd,Hydro_GeoRef_Net_Junctions,C:\Data\NHD_H_Michigan_GDB.gdb\Hydro_GeoRef\Hydro_GeoRef_Net_Junctions,2019-08-21 14:51:10.294000
C:\Data\MI_NHD.mxd,Barrier_MI,C:\Data\NHD_H_Michigan_GDB.gdb\Hydro_GeoRef\Barrier_MI,2019-08-21 14:57:59.876000
C:\Data\MI_NHD.mxd,NHDFlowline_3078,C:\Data\NHD_H_Michigan_GDB.gdb\Hydro_GeoRef\NHDFlowline_3078,2019-08-21 14:57:59.880000
C:\Data\MI_NHD.mxd,Hydro_GeoRef_Net_Junctions,C:\Data\NHD_H_Michigan_GDB.gdb\Hydro_GeoRef\Hydro_GeoRef_Net_Junctions,2019-08-21 14:57:59.885000
C:\Data\MI_NHD.mxd,Barrier_MI,C:\Data\NHD_H_Michigan_GDB.gdb\Hydro_GeoRef\Barrier_MI,2019-08-21 15:00:02.993000
C:\Data\MI_NHD.mxd,NHDFlowline_3078,C:\Data\NHD_H_Michigan_GDB.gdb\Hydro_GeoRef\NHDFlowline_3078,2019-08-21 15:00:02.999000
C:\Data\MI_NHD.mxd,Hydro_GeoRef_Net_Junctions,C:\Data\NHD_H_Michigan_GDB.gdb\Hydro_GeoRef\Hydro_GeoRef_Net_Junctions,2019-08-21 15:00:03.005000
C:\Data\MI_NHD.mxd,Barrier_MI,C:\Data\NHD_H_Michigan_GDB.gdb\Hydro_GeoRef\Barrier_MI,2019-08-21 15:02:04.605000
C:\Data\MI_NHD.mxd,NHDFlowline_3078,C:\Data\NHD_H_Michigan_GDB.gdb\Hydro_GeoRef\NHDFlowline_3078,2019-08-21 15:02:04.610000
C:\Data\MI_NHD.mxd,Hydro_GeoRef_Net_Junctions,C:\Data\NHD_H_Michigan_GDB.gdb\Hydro_GeoRef\Hydro_GeoRef_Net_Junctions,2019-08-21 15:02:04.614000
